<?xml version="1.0" encoding="UTF-8"?>
<!DOCTYPE hibernate-configuration PUBLIC
"-//Hibernate/Hibernate Configuration DTD 3.0//EN"
"http://www.hibernate.org/dtd/hibernate-configuration-3.0.dtd">
<hibernate-configuration>
<session-factory>
<!-- Drop and re-create the database schema on startup -->
<property name="hibernate.hbm2ddl.auto"> update </property>
<!-- Database connection settings -->
<property name="connection.driver_class">com.mysql.cj.jdbc.Driver</property>
<property name="connection.url">jdbc:mysql://localhost:3306/SchoolDB?createDatabaseIfNotExist=true</property>
<property name="connection.username">root</property>
<property name="connection.password">Password123!</property>
<!--MySQL DB dialect -->
<property name="dialect">org.hibernate.dialect.MySQL5Dialect</property>
<!-- Echo all executed SQL to stdout -->
<property name="hibernate.show_sql" >true </property>
<property name="hibernate.format_sql" >true </property>
<!-- Validate the database schema on startup
<property name="hbm2ddl.auto">validate</property>-->
<!-- Mapping entity file -->
<mapping class="jpa.entitymodels.Student"/>
<mapping class="jpa.entitymodels.Course"/>
</session-factory>
</hibernate-configuration>